2544,LeBron James
2617,Udonis Haslem
2738,Andre Iguodala
101108,Chris Paul
200752,Rudy Gay
200768,Kyle Lowry
200782,P.J. Tucker
201142,Kevin Durant
201143,Al Horford
201144,Mike Conley
201145,Jeff Green
201152,Thaddeus Young
201565,Derrick Rose
201566,Russell Westbrook
201568,Danilo Gallinari
201569,Eric Gordon
201572,Brook Lopez
201577,Robin Lopez
201580,JaVale McGee
201587,Nicolas Batum
201588,George Hill
201599,DeAndre Jordan
201609,Goran Dragic
201933,Blake Griffin
201935,James Harden
201937,Ricky Rubio
201939,Stephen Curry
201942,DeMar DeRozan
201949,James Johnson
201950,Jrue Holiday
201959,Taj Gibson
201980,Danny Green
201988,Patty Mills
202066,Garrett Temple
202083,Wesley Matthews
202330,Gordon Hayward
202331,Paul George
202397,Ish Smith
202681,Kyrie Irving
202685,Jonas Valanciunas
202687,Bismack Biyombo
202691,Klay Thompson
202692,Alec Burks
202693,Markieff Morris
202694,Marcus Morris Sr.
202695,Kawhi Leonard
202696,Nikola Vucevic
202699,Tobias Harris
202704,Reggie Jackson
202709,Cory Joseph
202710,Jimmy Butler
202711,Bojan Bogdanovic
202722,Davis Bertans
203076,Anthony Davis
203078,Bradley Beal
203081,Damian Lillard
203082,Terrence Ross
203083,Andre Drummond
203084,Harrison Barnes
203085,Austin Rivers
203095,Evan Fournier
203109,Jae Crowder
203110,Draymond Green
203114,Khris Middleton
203115,Will Barton
203200,Justin Holiday
203210,JaMychal Green
203457,Nerlens Noel
203458,Alex Len
203468,CJ McCollum
203471,Dennis Schroder
203473,Dewayne Dedmon
203476,Gorgui Dieng
203482,Kelly Olynyk
203484,Kentavious Caldwell-Pope
203486,Mason Plumlee
203488,Mike Muscala
203490,Otto Porter Jr.
203493,Reggie Bullock
203496,Robert Covington
203497,Rudy Gobert
203500,Steven Adams
203501,Tim Hardaway Jr.
203506,Victor Oladipo
203507,Giannis Antetokounmpo
203521,Matthew Dellavedova
203526,Raul Neto
203552,Seth Curry
203585,Rodney McGruder
203648,Thanasis Antetokounmpo
203897,Zach LaVine
203903,Jordan Clarkson
203914,Gary Harris
203915,Spencer Dinwiddie
203920,Khem Birch
203924,Jerami Grant
203925,Joe Harris
203926,Doug McDermott
203932,Aaron Gordon
203933,T.J. Warren
203935,Marcus Smart
203937,Kyle Anderson
203939,Dwight Powell
203944,Julius Randle
203952,Andrew Wiggins
203954,Joel Embiid
203967,Dario Saric
203991,Clint Capela
203992,Bogdan Bogdanovic
203994,Jusuf Nurkic
203999,Nikola Jokic
204001,Kristaps Porzingis
204060,Joe Ingles
204456,T.J. McConnell
1626145,Tyus Jones
1626149,Montrezl Harrell
1626153,Delon Wright
1626156,D'Angelo Russell
1626157,Karl-Anthony Towns
1626158,Richaun Holmes
1626159,Justise Winslow
1626162,Kelly Oubre Jr.
1626163,Frank Kaminsky
1626164,Devin Booker
1626166,Cameron Payne
1626167,Myles Turner
1626168,Trey Lyles
1626171,Bobby Portis
1626172,Kevon Looney
1626174,Christian Wood
1626179,Terry Rozier
1626181,Norman Powell
1626192,Pat Connaughton
1626195,Willy Hernangomez
1626196,Josh Richardson
1626204,Larry Nance Jr.
1626220,Royce O'Neale
1626224,Cedi Osman
1626246,Boban Marjanovic
1627732,Ben Simmons
1627734,Domantas Sabonis
1627736,Malik Beasley
1627741,Buddy Hield
1627742,Brandon Ingram
1627745,Damian Jones
1627747,Caris LeVert
1627749,Dejounte Murray
1627750,Jamal Murray
1627751,Jakob Poeltl
1627752,Taurean Prince
1627759,Jaylen Brown
1627763,Malcolm Brogdon
1627777,Georges Niang
1627780,Gary Payton II
1627783,Pascal Siakam
1627788,Furkan Korkmaz
1627814,Damion Lee
1627823,Juancho Hernangomez
1627826,Ivica Zubac
1627827,Dorian Finney-Smith
1627832,Fred VanVleet
1627853,Ryan Arcidiacono
1627863,Danuel House Jr.
1627884,Derrick Jones Jr.
1627936,Alex Caruso
1628365,Markelle Fultz
1628366,Lonzo Ball
1628368,De'Aaron Fox
1628369,Jayson Tatum
1628370,Malik Monk
1628371,Jonathan Isaac
1628372,Dennis Smith Jr.
1628373,Frank Ntilikina
1628374,Lauri Markkanen
1628378,Donovan Mitchell
1628379,Luke Kennard
1628380,Zach Collins
1628381,John Collins
1628384,O.G. Anunoby
1628386,Jarrett Allen
1628389,Bam Adebayo
1628392,Isaiah Hartenstein
1628396,Tony Bradley
1628398,Kyle Kuzma
1628401,Derrick White
1628404,Josh Hart
1628410,Edmond Sumner
1628415,Dillon Brooks
1628418,Thomas Bryant
1628420,Monte Morris
1628427,Vlatko Cancar
1628432,Davon Reed
1628436,Luke Kornet
1628449,Chris Boucher
1628464,Daniel Theis
1628467,Maxi Kleber
1628470,Torrey Craig
1628960,Grayson Allen
1628962,Udoka Azubuike
1628963,Marvin Bagley III
1628964,Mo Bamba
1628966,Keita Bates-Diop
1628969,Mikal Bridges
1628971,Bruce Brown
1628972,Troy Brown Jr.
1628973,Jalen Brunson
1628975,Jevon Carter
1628976,Wendell Carter Jr.
1628977,Hamidou Diallo
1628978,Donte DiVincenzo
1628981,Bruno Fernando
1628983,Shai Gilgeous-Alexander
1628984,Devonte' Graham
1628988,Aaron Holiday
1628989,Kevin Huerter
1628991,Jaren Jackson Jr.
1628995,Kevin Knox II
1628997,Caleb Martin
1628998,Cody Martin
1629001,De'Anthony Melton
1629002,Chimezie Metu
1629003,Shake Milton
1629004,Svi Mykhailiuk
1629006,Josh Okogie
1629008,Michael Porter Jr.
1629011,Mitchell Robinson
1629012,Collin Sexton
1629013,Landry Shamet
1629014,Anfernee Simons
1629018,Gary Trent Jr.
1629020,Jarred Vanderbilt
1629021,Moritz Wagner
1629022,Lonnie Walker IV
1629023,P.J. Washington
1629026,Kenrich Williams
1629027,Trae Young
1629028,Deandre Ayton
1629029,Luka Doncic
1629033,Theo Pinson
1629048,Goga Bitadze
1629052,Oshae Brissett
1629056,Terence Davis
1629057,Robert Williams III
1629060,Rui Hachimura
1629111,Jock Landale
1629117,Wenyen Gabriel
1629130,Duncan Robinson
1629134,Kendrick Nunn
1629139,Yuta Watanabe
1629162,Jordan McLaughlin
1629216,Gabe Vincent
1629234,Drew Eubanks
1629308,Juan Toscano-Anderson
1629312,Haywood Highsmith
1629599,Amir Coffey
1629603,Mamadi Diakite
1629610,DaQuan Jeffries
1629611,Terance Mann
1629614,Andrew Nembhard
1629622,Max Strus
1629626,Bol Bol
1629627,Zion Williamson
1629628,RJ Barrett
1629629,Cam Reddish
1629630,Ja Morant
1629631,De'Andre Hunter
1629632,Coby White
1629634,Brandon Clarke
1629636,Darius Garland
1629637,Jaxson Hayes
1629638,Nickeil Alexander-Walker
1629639,Tyler Herro
1629640,Keldon Johnson
1629641,Romeo Langford
1629642,Nassir Little
1629643,Chuma Okeke
1629644,KZ Okpala
1629645,Kevin Porter Jr.
1629646,Charles Bassey
1629647,Darius Bazley
1629651,Nic Claxton
1629652,Luguentz Dort
1629655,Daniel Gafford
1629656,Quentin Grimes
1629659,Talen Horton-Tucker
1629660,Ty Jerome
1629661,Cameron Johnson
1629662,Mfiondu Kabengele
1629663,Louis King
1629667,Jalen McDaniels
1629669,Jaylen Nowell
1629670,Jordan Nwora
1629673,Jordan Poole
1629674,Neemias Queta
1629675,Naz Reid
1629676,Isaiah Roby
1629678,Admiral Schofield
1629680,Matisse Thybulle
1629684,Grant Williams
1629685,Dylan Windler
1629723,John Konchar
1629726,Garrison Mathews
1629731,Dean Wade
1629750,Javonte Green
1630162,Anthony Edwards
1630163,LaMelo Ball
1630164,James Wiseman
1630165,Killian Hayes
1630166,Deni Avdija
1630167,Obi Toppin
1630168,Onyeka Okongwu
1630169,Tyrese Haliburton
1630170,Devin Vassell
1630171,Isaac Okoro
1630172,Patrick Williams
1630173,Precious Achiuwa
1630174,Aaron Nesmith
1630175,Cole Anthony
1630176,Vernon Carey Jr.
1630177,Theo Maledon
1630178,Tyrese Maxey
1630180,Saddiq Bey
1630181,R.J. Hampton
1630182,Josh Green
1630183,Jaden McDaniels
1630184,Kira Lewis Jr.
1630188,Jalen Smith
1630191,Isaiah Stewart
1630192,Zeke Nnaji
1630193,Immanuel Quickley
1630194,Paul Reed
1630197,Aleksej Pokusevski
1630198,Isaiah Joe
1630200,Tre Jones
1630201,Malachi Flynn
1630202,Payton Pritchard
1630205,Lamar Stevens
1630208,Nick Richards
1630209,Omer Yurtseven
1630214,Xavier Tillman
1630217,Desmond Bane
1630224,Jalen Green
1630225,Isaiah Todd
1630227,Daishen Nix
1630228,Jonathan Kuminga
1630230,Naji Marshall
1630231,Kenyon Martin Jr.
1630233,Nathan Knight
1630235,Trent Forrest
1630237,Anthony Lamb
1630240,Saben Lee
1630243,Trevelin Queen
1630245,Ayo Dosunmu
1630249,Vit Krejci
1630250,Marko Simonovic
1630256,Jae'Sean Tate
1630264,Anthony Gill
1630268,Nate Darling
1630284,Kevon Harris
1630288,Jeff Dowtin Jr.
1630322,Lindy Waters III
1630346,Matt Ryan
1630526,Jeremiah Robinson-Earl
1630527,Brandon Boston Jr.
1630528,Josh Christopher
1630529,Herbert Jones
1630530,Trey Murphy III
1630531,Jaden Springer
1630532,Franz Wagner
1630533,Ziaire Williams
1630534,Ochai Agbaji
1630537,Chris Duarte
1630538,Bones Hyland
1630539,Kai Jones
1630540,Miles McBride
1630541,Moses Moody
1630543,Isaiah Jackson
1630544,Tre Mann
1630547,James Bouknight
1630548,Johnny Juzang
1630549,Day'Ron Sharpe
1630550,JT Thor
1630552,Jalen Johnson
1630553,Keon Johnson
1630554,Jason Preston
1630556,Kessler Edwards
1630557,Corey Kispert
1630558,Davion Mitchell
1630559,Austin Reaves
1630560,Cam Thomas
1630561,David Duke Jr.
1630567,Scottie Barnes
1630568,Luka Garza
1630570,Trendon Watford
1630572,Sandro Mamukelashvili
1630573,Sam Hauser
1630577,Julian Champagnie
1630578,Alperen Sengun
1630579,Jericho Sims
1630580,Joe Wieskamp
1630581,Josh Giddey
1630583,Santi Aldama
1630586,Usman Garuba
1630587,Isaiah Livers
1630590,Scotty Pippen Jr.
1630591,Jalen Suggs
1630593,McKinley Wright IV
1630595,Cade Cunningham
1630596,Evan Mobley
1630598,Aaron Wiggins
1630600,Isaiah Mobley
1630604,E.J. Liddell
1630620,Darius Days
1630625,Dalano Banton
1630631,Jose Alvarado
1630637,Carlik Jones
1630639,A.J. Lawson
1630641,Ibou Badji
1630644,Mac McClung
1630647,Eugene Omoruyi
1630649,Stanley Umude
1630688,Ish Wainright
1630692,Jordan Goodwin
1630695,Micah Potter
1630696,Dru Smith
1630699,MarJon Beauchamp
1630700,Dyson Daniels
1630702,Jaden Hardy
1630792,Malcolm Hill
1630846,Olivier Sarr
1631093,Jaden Ivey
1631094,Paolo Banchero
1631095,Jabari Smith Jr.
1631096,Chet Holmgren
1631097,Bennedict Mathurin
1631098,Johnny Davis
1631099,Keegan Murray
1631100,AJ Griffin
1631101,Shaedon Sharpe
1631102,TyTy Washington Jr.
1631103,Malaki Branham
1631104,Blake Wesley
1631105,Jalen Duren
1631106,Tari Eason
1631107,Nikola Jovic
1631108,Max Christie
1631109,Mark Williams
1631110,Jeremy Sochan
1631111,Wendell Moore Jr.
1631112,Kendall Brown
1631113,Kennedy Chandler
1631114,Jalen Williams
1631115,Orlando Robinson
1631116,Patrick Baldwin Jr.
1631117,Walker Kessler
1631119,Jaylin Williams
1631120,JD Davison
1631121,Bryce McGowens
1631128,Christian Braun
1631132,Christian Koloko
1631133,Jabari Walker
1631157,Ryan Rollins
1631165,Keon Ellis
1631169,Josh Minott
1631172,Ousmane Dieng
1631197,Jared Rhoden
1631199,Ron Harper Jr.
1631205,Buddy Boeheim
1631207,Dalen Terry
1631211,Trevor Keels
1631212,Peyton Watson
1631213,Tyrese Martin
1631216,Caleb Houstan
1631217,Moussa Diabate
1631219,John Butler Jr.
1631220,Dereon Seabron
1631221,Collin Gillespie
1631222,Jake LaRavia
1631223,David Roddy
1631230,Dominick Barlow
1631245,Quenton Jackson
1631246,Vince Williams Jr.
1631254,Kenneth Lofton Jr.
1631260,AJ Green
1631288,Jamal Cain
1631298,Jack White
1631306,Cole Swider
1631309,Trevor Hudgins
1631323,Simone Fontecchio
1631495,Donovan Williams